<?xml version="1.0" encoding="UTF-8"?>
<project-private xmlns="http://www.netbeans.org/ns/project-private/1">
    <editor-bookmarks xmlns="http://www.netbeans.org/ns/editor-bookmarks/2" lastBookmarkId="0"/>
    <open-files xmlns="http://www.netbeans.org/ns/projectui-open-files/2">
        <group>
            <file>file:/home/james/webhookit/config/development_live.js</file>
            <file>file:/home/james/webhookit/app.js</file>
            <file>file:/home/james/webhookit/node_modules/webhookit-feed/lib/webhookit-feed.js</file>
            <file>file:/home/james/webhookit/server.js</file>
            <file>file:/home/james/webhookit/node_modules/webhookit-rssfind/package.json</file>
            <file>file:/home/james/webhookit/config/development.js</file>
            <file>file:/home/james/webhookit/node_modules/webhookit-block/lib/webhookit-block.js</file>
            <file>file:/home/james/webhookit/node_modules/webhookit-rssfind/lib/webhookit-rssfind.js</file>
            <file>file:/home/james/webhookit/config/production.js</file>
            <file>file:/home/james/webhookit/node_modules/webhookit-block/package.json</file>
        </group>
    </open-files>
</project-private>
